Date,Type,Link
2023-02-01 17:26:26,EMPATHY,https://www.linkedin.com/feed/update/urn%3Ali%3Aactivity%3A7026530850410274816?commentUrn=urn%3Ali%3Acomment%3A%28activity%3A7026530850410274816%2C7026550788076249088%29
2023-01-31 16:53:10,LIKE,https://www.linkedin.com/feed/update/urn%3Ali%3Aactivity%3A7026180386342719488
2023-01-31 16:52:11,LIKE,https://www.linkedin.com/feed/update/urn%3Ali%3AugcPost%3A7026226318128136192
2023-01-30 16:48:30,PRAISE,https://www.linkedin.com/feed/update/urn%3Ali%3AugcPost%3A7025855793858027521
2023-01-30 15:03:10,LIKE,https://www.linkedin.com/feed/update/urn%3Ali%3Aactivity%3A7025811095239987200
2023-01-30 14:23:03,LIKE,https://www.linkedin.com/feed/update/urn%3Ali%3Aactivity%3A7025806535159152640
2023-01-30 14:22:52,LIKE,https://www.linkedin.com/feed/update/urn%3Ali%3Aactivity%3A7025806535159152640?commentUrn=urn%3Ali%3Acomment%3A%28activity%3A7025806535159152640%2C7025817380500959232%29
2023-01-30 07:55:50,PRAISE,https://www.linkedin.com/feed/update/urn%3Ali%3AugcPost%3A7025457979822878720
2023-01-30 07:54:29,EMPATHY,https://www.linkedin.com/feed/update/urn%3Ali%3Aactivity%3A7025716232494452736
2023-01-29 15:51:49,INTEREST,https://www.linkedin.com/feed/update/urn%3Ali%3AugcPost%3A7023740270517125120
2023-01-28 12:03:06,PRAISE,https://www.linkedin.com/feed/update/urn%3Ali%3AugcPost%3A7025049478671835136
2023-01-28 09:34:25,LIKE,https://www.linkedin.com/feed/update/urn%3Ali%3Aactivity%3A7025004140648906752
2023-01-27 16:28:10,INTEREST,https://www.linkedin.com/feed/update/urn%3Ali%3AugcPost%3A7023995739206799360
2023-01-27 07:20:45,LIKE,https://www.linkedin.com/feed/update/urn%3Ali%3Aactivity%3A7021433672448790528
2023-01-26 19:26:29,LIKE,https://www.linkedin.com/feed/update/urn%3Ali%3Aactivity%3A7016592240772886528
2023-01-26 17:41:24,PRAISE,https://www.linkedin.com/feed/update/urn%3Ali%3AugcPost%3A7024427376356798465
2023-01-25 06:09:29,PRAISE,https://www.linkedin.com/feed/update/urn%3Ali%3Aactivity%3A7022146730070523906
2023-01-25 06:05:52,EMPATHY,https://www.linkedin.com/feed/update/urn%3Ali%3Aactivity%3A7023590223167000576?commentUrn=urn%3Ali%3Acomment%3A%28activity%3A7023590223167000576%2C7023666409234694144%29
2023-01-25 06:05:49,EMPATHY,https://www.linkedin.com/feed/update/urn%3Ali%3Aactivity%3A7023590223167000576?commentUrn=urn%3Ali%3Acomment%3A%28activity%3A7023590223167000576%2C7023680228921073664%29
2023-01-25 06:05:46,EMPATHY,https://www.linkedin.com/feed/update/urn%3Ali%3Aactivity%3A7023590223167000576?commentUrn=urn%3Ali%3Acomment%3A%28activity%3A7023590223167000576%2C7023644130509529088%29
2023-01-24 10:09:57,EMPATHY,https://www.linkedin.com/feed/update/urn%3Ali%3Aactivity%3A7023590223167000576?commentUrn=urn%3Ali%3Acomment%3A%28activity%3A7023590223167000576%2C7023591804235132928%29
2023-01-23 05:42:30,PRAISE,https://www.linkedin.com/feed/update/urn%3Ali%3Aactivity%3A7023059459295883264
2023-01-23 05:41:54,LIKE,https://www.linkedin.com/feed/update/urn%3Ali%3AugcPost%3A7023062082723958784
2023-01-22 12:42:58,ENTERTAINMENT,https://www.linkedin.com/feed/update/urn%3Ali%3Aactivity%3A7021164785559887872
2023-01-22 10:21:20,PRAISE,https://www.linkedin.com/feed/update/urn%3Ali%3Aactivity%3A7022854119627341824
2023-01-21 22:46:32,LIKE,https://www.linkedin.com/feed/update/urn%3Ali%3Aactivity%3A7022655544150671360
2023-01-21 22:46:04,LIKE,https://www.linkedin.com/feed/update/urn%3Ali%3Aactivity%3A7022592920885051392
2023-01-21 14:42:14,LIKE,https://www.linkedin.com/feed/update/urn%3Ali%3Aactivity%3A7022551198410969089
2023-01-21 09:59:29,INTEREST,https://www.linkedin.com/feed/update/urn%3Ali%3Aactivity%3A7022484824409923584
2023-01-20 17:51:06,LIKE,https://www.linkedin.com/feed/update/urn%3Ali%3Aactivity%3A7020376629486968832?commentUrn=urn%3Ali%3Acomment%3A%28activity%3A7020376629486968832%2C7020773442882854912%29
2023-01-20 10:23:56,LIKE,https://www.linkedin.com/feed/update/urn%3Ali%3Aactivity%3A7021582003116404736?commentUrn=urn%3Ali%3Acomment%3A%28activity%3A7021582003116404736%2C7021603919655034880%29
2023-01-18 09:39:05,APPRECIATION,https://www.linkedin.com/feed/update/urn%3Ali%3Aactivity%3A7021201146715279360
2023-01-17 22:12:25,EMPATHY,https://www.linkedin.com/feed/update/urn%3Ali%3Aactivity%3A7021215285160402944
2023-01-17 20:18:18,LIKE,https://www.linkedin.com/feed/update/urn%3Ali%3Aactivity%3A7021138749254234112?commentUrn=urn%3Ali%3Acomment%3A%28activity%3A7021138749254234112%2C7021145941910917120%29
2023-01-16 21:51:49,PRAISE,https://www.linkedin.com/feed/update/urn%3Ali%3Aactivity%3A7020844938154131457
2023-01-16 18:11:58,PRAISE,https://www.linkedin.com/feed/update/urn%3Ali%3Aactivity%3A7020755956053520386
2023-01-16 18:08:56,PRAISE,https://www.linkedin.com/feed/update/urn%3Ali%3AugcPost%3A7020753111921111040
2023-01-16 05:42:56,PRAISE,https://www.linkedin.com/feed/update/urn%3Ali%3Aactivity%3A7020502052799692800
2023-01-13 22:51:01,EMPATHY,https://www.linkedin.com/feed/update/urn%3Ali%3AugcPost%3A7016725017765801985
2023-01-13 18:40:11,LIKE,https://www.linkedin.com/feed/update/urn%3Ali%3Aactivity%3A7019683770198855680?commentUrn=urn%3Ali%3Acomment%3A%28activity%3A7019683770198855680%2C7019724060636979200%29
2023-01-12 23:41:59,ENTERTAINMENT,https://www.linkedin.com/feed/update/urn%3Ali%3AugcPost%3A7019082034593619968
2023-01-12 17:48:44,LIKE,https://www.linkedin.com/feed/update/urn%3Ali%3Aactivity%3A7019017032264273920
2023-01-11 21:31:49,APPRECIATION,https://www.linkedin.com/feed/update/urn%3Ali%3Aactivity%3A7018879675028398080
2023-01-11 20:30:38,EMPATHY,https://www.linkedin.com/feed/update/urn%3Ali%3Aactivity%3A7019025170392592384?commentUrn=urn%3Ali%3Acomment%3A%28activity%3A7019025170392592384%2C7019035809282428929%29
2023-01-11 17:56:39,EMPATHY,https://www.linkedin.com/feed/update/urn%3Ali%3AugcPost%3A7018995969002221568
2023-01-09 09:22:36,EMPATHY,https://www.linkedin.com/feed/update/urn%3Ali%3Aactivity%3A7018142577988153345?commentUrn=urn%3Ali%3Acomment%3A%28activity%3A7018142577988153345%2C7018144419224653824%29
2023-01-07 13:48:24,EMPATHY,https://www.linkedin.com/feed/update/urn%3Ali%3Aactivity%3A7016831448364019712?commentUrn=urn%3Ali%3Acomment%3A%28activity%3A7016831448364019712%2C7017486976605937664%29
2023-01-07 13:45:52,EMPATHY,https://www.linkedin.com/feed/update/urn%3Ali%3Aactivity%3A7016831448364019712?commentUrn=urn%3Ali%3Acomment%3A%28activity%3A7016831448364019712%2C7017486305672466432%29
2023-01-07 13:42:38,ENTERTAINMENT,https://www.linkedin.com/feed/update/urn%3Ali%3Aactivity%3A7016831448364019712?commentUrn=urn%3Ali%3Acomment%3A%28activity%3A7016831448364019712%2C7017485233650380800%29
2023-01-07 13:37:22,PRAISE,https://www.linkedin.com/feed/update/urn%3Ali%3Aactivity%3A7016831448364019712
2023-01-07 11:41:54,INTEREST,https://www.linkedin.com/feed/update/urn%3Ali%3Aactivity%3A7017426369382866944
2023-01-05 07:36:34,LIKE,https://www.linkedin.com/feed/update/urn%3Ali%3Aactivity%3A7016627808017817600
2023-01-03 21:49:44,EMPATHY,https://www.linkedin.com/feed/update/urn%3Ali%3Aactivity%3A7015975905625825280
2023-01-03 15:21:29,EMPATHY,https://www.linkedin.com/feed/update/urn%3Ali%3Aactivity%3A7016053029682491393
2023-01-02 23:11:12,LIKE,https://www.linkedin.com/feed/update/urn%3Ali%3AugcPost%3A7015668446294159361
2023-01-02 20:08:10,ENTERTAINMENT,https://www.linkedin.com/feed/update/urn%3Ali%3Aactivity%3A7015767128104468480
2023-01-01 19:31:46,PRAISE,https://www.linkedin.com/feed/update/urn%3Ali%3AugcPost%3A7015377340880875520
2022-12-31 21:10:30,APPRECIATION,https://www.linkedin.com/feed/update/urn%3Ali%3Aactivity%3A7014953694085431296
2022-12-30 22:54:04,LIKE,https://www.linkedin.com/feed/update/urn%3Ali%3Aactivity%3A7014598894198120448
2022-12-30 12:50:03,LIKE,https://www.linkedin.com/feed/update/urn%3Ali%3Aactivity%3A7014571567573598208
2022-12-30 01:19:34,LIKE,https://www.linkedin.com/feed/update/urn%3Ali%3Aactivity%3A7014243623437258753
2022-12-29 01:02:03,EMPATHY,https://www.linkedin.com/feed/update/urn%3Ali%3Aactivity%3A7013239206810411008?commentUrn=urn%3Ali%3Acomment%3A%28activity%3A7013239206810411008%2C7013402679905292288%29
2022-12-28 22:52:16,LIKE,https://www.linkedin.com/feed/update/urn%3Ali%3Aactivity%3A7013988165703073792
2022-12-25 22:39:05,LIKE,https://www.linkedin.com/feed/update/urn%3Ali%3Aactivity%3A7012885713356476416
2022-12-25 12:19:00,PRAISE,https://www.linkedin.com/feed/update/urn%3Ali%3Aactivity%3A7012739970180214784
2022-12-22 08:07:55,INTEREST,https://www.linkedin.com/feed/update/urn%3Ali%3Aactivity%3A7011581910858502144
2022-12-18 16:51:57,EMPATHY,https://www.linkedin.com/feed/update/urn%3Ali%3AugcPost%3A7010283474645323776
2022-12-16 22:58:09,ENTERTAINMENT,https://www.linkedin.com/feed/update/urn%3Ali%3AugcPost%3A7009637362708164608?commentUrn=urn%3Ali%3Acomment%3A%28ugcPost%3A7009637362708164608%2C7009652703265976320%29
2022-12-16 22:49:01,LIKE,https://www.linkedin.com/feed/update/urn%3Ali%3AugcPost%3A7009637362708164608?commentUrn=urn%3Ali%3Acomment%3A%28ugcPost%3A7009637362708164608%2C7009649236975742976%29
2022-12-16 14:08:26,LIKE,https://www.linkedin.com/feed/update/urn%3Ali%3Aactivity%3A7009494763003334656?commentUrn=urn%3Ali%3Acomment%3A%28activity%3A7009494763003334656%2C7009518137633054720%29
2022-12-16 13:45:57,LIKE,https://www.linkedin.com/feed/update/urn%3Ali%3Aactivity%3A7009494763003334656?commentUrn=urn%3Ali%3Acomment%3A%28activity%3A7009494763003334656%2C7009513717885202432%29
2022-12-16 13:43:26,LIKE,https://www.linkedin.com/feed/update/urn%3Ali%3Aactivity%3A7009482644539281409
2022-12-16 13:37:57,LIKE,https://www.linkedin.com/feed/update/urn%3Ali%3Aactivity%3A7009494763003334656
2022-12-16 10:47:06,APPRECIATION,https://www.linkedin.com/feed/update/urn%3Ali%3Aactivity%3A7008113062037610496
2022-12-15 21:46:38,EMPATHY,https://www.linkedin.com/feed/update/urn%3Ali%3AugcPost%3A7009154041872064512
2022-12-13 23:44:36,PRAISE,https://www.linkedin.com/feed/update/urn%3Ali%3Aactivity%3A7006998264310841345
2022-12-13 23:43:59,EMPATHY,https://www.linkedin.com/feed/update/urn%3Ali%3Aactivity%3A7008131063835201537
2022-12-12 18:34:02,LIKE,https://www.linkedin.com/feed/update/urn%3Ali%3Aactivity%3A7008128728052461568
2022-12-12 15:40:59,LIKE,https://www.linkedin.com/feed/update/urn%3Ali%3Aactivity%3A7003786246174994433
2022-12-11 19:58:16,PRAISE,https://www.linkedin.com/feed/update/urn%3Ali%3Aactivity%3A7007770499942395904
2022-12-11 18:17:59,LIKE,https://www.linkedin.com/feed/update/urn%3Ali%3Aactivity%3A7007688661492219904
2022-12-11 17:26:40,EMPATHY,https://www.linkedin.com/feed/update/urn%3Ali%3AugcPost%3A7007722502252584960
2022-12-10 22:10:23,LIKE,https://www.linkedin.com/feed/update/urn%3Ali%3Aactivity%3A7006773355785711616
2022-12-10 19:37:04,LIKE,https://www.linkedin.com/feed/update/urn%3Ali%3Aactivity%3A7007388774993174529
2022-12-09 22:19:52,EMPATHY,https://www.linkedin.com/feed/update/urn%3Ali%3AugcPost%3A7007100590870654976
2022-12-09 21:22:56,LIKE,https://www.linkedin.com/feed/update/urn%3Ali%3Aactivity%3A7007056639379816448
2022-12-09 20:07:27,PRAISE,https://www.linkedin.com/feed/update/urn%3Ali%3Aactivity%3A7007053227317768192
2022-12-09 09:48:03,LIKE,https://www.linkedin.com/feed/update/urn%3Ali%3Aactivity%3A7006886801596428288
2022-12-09 09:47:00,EMPATHY,https://www.linkedin.com/feed/update/urn%3Ali%3AugcPost%3A7006589194160496640?commentUrn=urn%3Ali%3Acomment%3A%28ugcPost%3A7006589194160496640%2C7006761559813218304%29
2022-12-09 09:46:33,PRAISE,https://www.linkedin.com/feed/update/urn%3Ali%3Aactivity%3A7006775222536204288
2022-12-08 18:20:54,EMPATHY,https://www.linkedin.com/feed/update/urn%3Ali%3AugcPost%3A7006589194160496640
2022-12-07 20:30:33,INTEREST,https://www.linkedin.com/feed/update/urn%3Ali%3Aactivity%3A7006317576033058816
2022-12-07 17:08:14,LIKE,https://www.linkedin.com/feed/update/urn%3Ali%3AugcPost%3A6996239910009503745
2022-12-07 09:13:28,EMPATHY,https://www.linkedin.com/feed/update/urn%3Ali%3Aactivity%3A7005567964452163584
2022-12-06 08:11:40,PRAISE,https://www.linkedin.com/feed/update/urn%3Ali%3Aactivity%3A7005800563275665408
2022-12-06 05:42:58,LIKE,https://www.linkedin.com/feed/update/urn%3Ali%3Aactivity%3A7005509287166799873
2022-12-06 05:38:35,LIKE,https://www.linkedin.com/feed/update/urn%3Ali%3Aactivity%3A7005754376938029058
2022-12-05 22:29:52,PRAISE,https://www.linkedin.com/feed/update/urn%3Ali%3Aactivity%3A7005599851774111745
2022-12-05 22:29:36,PRAISE,https://www.linkedin.com/feed/update/urn%3Ali%3Aactivity%3A7005576476095885312
2022-12-05 21:55:14,PRAISE,https://www.linkedin.com/feed/update/urn%3Ali%3Aactivity%3A7005640001312960512
2022-12-05 14:41:10,PRAISE,https://www.linkedin.com/feed/update/urn%3Ali%3Aactivity%3A7004969717132111873
2022-12-05 14:40:15,LIKE,https://www.linkedin.com/feed/update/urn%3Ali%3Aactivity%3A7005535153427025922
2022-12-05 11:57:28,APPRECIATION,https://www.linkedin.com/feed/update/urn%3Ali%3Aactivity%3A7004907020575215616
2022-12-04 20:45:08,LIKE,https://www.linkedin.com/feed/update/urn%3Ali%3Aactivity%3A7005213353253998592?commentUrn=urn%3Ali%3Acomment%3A%28activity%3A7005213353253998592%2C7005236417022824448%29
2022-12-04 15:24:39,LIKE,https://www.linkedin.com/feed/update/urn%3Ali%3Aactivity%3A7005188899606024192
2022-12-03 20:06:57,PRAISE,https://www.linkedin.com/feed/update/urn%3Ali%3Aactivity%3A7004896090214797312
2022-12-02 19:34:33,PRAISE,https://www.linkedin.com/feed/update/urn%3Ali%3Aactivity%3A7004523834196336640
2022-12-01 14:19:22,PRAISE,https://www.linkedin.com/feed/update/urn%3Ali%3Aactivity%3A7004082050852909056
2022-12-01 12:27:39,PRAISE,https://www.linkedin.com/feed/update/urn%3Ali%3AugcPost%3A7004056763947737088
2022-12-01 00:01:57,PRAISE,https://www.linkedin.com/feed/update/urn%3Ali%3Aactivity%3A7003852874757619712
2022-11-30 11:42:59,PRAISE,https://www.linkedin.com/feed/update/urn%3Ali%3Aactivity%3A7003683567293612032
2022-11-30 11:35:50,LIKE,https://www.linkedin.com/feed/update/urn%3Ali%3Aactivity%3A7003662704410300417
2022-11-30 11:35:40,LIKE,https://www.linkedin.com/feed/update/urn%3Ali%3Aactivity%3A7003211303515254784
2022-11-30 11:35:05,LIKE,https://www.linkedin.com/feed/update/urn%3Ali%3Aactivity%3A7003615089807273984
2022-11-30 11:34:28,LIKE,https://www.linkedin.com/feed/update/urn%3Ali%3Aactivity%3A7003636039013560320
2022-11-30 11:32:33,LIKE,https://www.linkedin.com/feed/update/urn%3Ali%3Aactivity%3A7003659031886073856
2022-11-30 05:40:14,EMPATHY,https://www.linkedin.com/feed/update/urn%3Ali%3Aactivity%3A7003155393765879808?commentUrn=urn%3Ali%3Acomment%3A%28activity%3A7003155393765879808%2C7003496722958069760%29
2022-11-29 22:53:44,LIKE,https://www.linkedin.com/feed/update/urn%3Ali%3Aactivity%3A7001122232571674624
2022-11-29 22:30:46,LIKE,https://www.linkedin.com/feed/update/urn%3Ali%3Aactivity%3A7003329735023808512
2022-11-29 22:30:06,LIKE,https://www.linkedin.com/feed/update/urn%3Ali%3Aactivity%3A7001847211575631872
2022-11-29 17:00:29,LIKE,https://www.linkedin.com/feed/update/urn%3Ali%3Aactivity%3A7003389093791358976
2022-11-29 16:25:35,EMPATHY,https://www.linkedin.com/feed/update/urn%3Ali%3Aactivity%3A7003386186140426240
2022-11-28 23:59:02,EMPATHY,https://www.linkedin.com/feed/update/urn%3Ali%3Aactivity%3A7002728853550870528
2022-11-28 18:33:15,LIKE,https://www.linkedin.com/feed/update/urn%3Ali%3Aactivity%3A7003056337907527681
2022-11-28 11:36:41,EMPATHY,https://www.linkedin.com/feed/update/urn%3Ali%3Aactivity%3A7002642820725391360
2022-11-27 17:43:04,PRAISE,https://www.linkedin.com/feed/update/urn%3Ali%3Aactivity%3A7002543857322110976
2022-11-26 20:18:35,EMPATHY,https://www.linkedin.com/feed/update/urn%3Ali%3Aactivity%3A7000950167352872960
2022-11-26 17:24:44,PRAISE,https://www.linkedin.com/feed/update/urn%3Ali%3Aactivity%3A7002310390625783808
2022-11-26 17:24:07,EMPATHY,https://www.linkedin.com/feed/update/urn%3Ali%3Aactivity%3A7002220750472384513?commentUrn=urn%3Ali%3Acomment%3A%28activity%3A7002220750472384513%2C7002320211823497216%29
2022-11-25 14:59:56,INTEREST,https://www.linkedin.com/feed/update/urn%3Ali%3Aactivity%3A7001909526941605890?commentUrn=urn%3Ali%3Acomment%3A%28activity%3A7001909526941605890%2C7001921694525194240%29
2022-11-25 14:30:01,PRAISE,https://www.linkedin.com/feed/update/urn%3Ali%3Aactivity%3A7001906296950022144
2022-11-25 09:33:20,ENTERTAINMENT,https://www.linkedin.com/feed/update/urn%3Ali%3Aactivity%3A7001672101015248896?commentUrn=urn%3Ali%3Acomment%3A%28activity%3A7001672101015248896%2C7001809835541336064%29
2022-11-24 23:07:06,PRAISE,https://www.linkedin.com/feed/update/urn%3Ali%3Aactivity%3A7001521732578631681
2022-11-24 12:33:38,PRAISE,https://www.linkedin.com/feed/update/urn%3Ali%3Aactivity%3A7001511187544764416
2022-11-24 09:40:15,APPRECIATION,https://www.linkedin.com/feed/update/urn%3Ali%3Aactivity%3A7001202162244456448
2022-11-24 09:33:39,EMPATHY,https://www.linkedin.com/feed/update/urn%3Ali%3Aactivity%3A7001460962780164096
2022-11-23 14:34:15,LIKE,https://www.linkedin.com/feed/update/urn%3Ali%3Aactivity%3A6999094349955231744
2022-11-23 08:29:22,PRAISE,https://www.linkedin.com/feed/update/urn%3Ali%3AugcPost%3A7000957842144825344
2022-11-23 00:22:53,PRAISE,https://www.linkedin.com/feed/update/urn%3Ali%3Aactivity%3A7000963138749624320
2022-11-22 20:39:36,EMPATHY,https://www.linkedin.com/feed/update/urn%3Ali%3Aactivity%3A6998350409136263168?commentUrn=urn%3Ali%3Acomment%3A%28activity%3A6998350409136263168%2C7000910327668199424%29
2022-11-22 06:09:56,PRAISE,https://www.linkedin.com/feed/update/urn%3Ali%3Aactivity%3A7000700898561695744
2022-11-21 15:51:24,PRAISE,https://www.linkedin.com/feed/update/urn%3Ali%3Aactivity%3A7000477582257197058
2022-11-21 11:34:04,PRAISE,https://www.linkedin.com/feed/update/urn%3Ali%3Aactivity%3A7000217528434077696
2022-11-21 11:04:24,PRAISE,https://www.linkedin.com/feed/update/urn%3Ali%3Aactivity%3A7000413384466685952
2022-11-20 18:05:22,PRAISE,https://www.linkedin.com/feed/update/urn%3Ali%3Aactivity%3A7000140733504450560
2022-11-20 17:48:45,EMPATHY,https://www.linkedin.com/feed/update/urn%3Ali%3Aactivity%3A6998350409136263168?commentUrn=urn%3Ali%3Acomment%3A%28activity%3A6998350409136263168%2C6999365779196383232%29
2022-11-20 17:47:27,EMPATHY,https://www.linkedin.com/feed/update/urn%3Ali%3Aactivity%3A6995087367036391424?commentUrn=urn%3Ali%3Acomment%3A%28activity%3A6995087367036391424%2C6999806612567670784%29
2022-11-20 17:31:43,PRAISE,https://www.linkedin.com/feed/update/urn%3Ali%3Aactivity%3A7000101888230612992
2022-11-20 16:49:08,EMPATHY,https://www.linkedin.com/feed/update/urn%3Ali%3AugcPost%3A6999385319728906240?commentUrn=urn%3Ali%3Acomment%3A%28ugcPost%3A6999385319728906240%2C7000081843538522112%29
2022-11-20 14:12:50,PRAISE,https://www.linkedin.com/feed/update/urn%3Ali%3Aactivity%3A7000089390412664832
2022-11-19 14:03:52,LIKE,https://www.linkedin.com/feed/update/urn%3Ali%3Aactivity%3A6999728080168620032
2022-11-19 11:42:35,LIKE,https://www.linkedin.com/feed/update/urn%3Ali%3Aactivity%3A6999631494235181056
2022-11-18 22:09:06,LIKE,https://www.linkedin.com/feed/update/urn%3Ali%3Aactivity%3A6999337511206461441
2022-11-18 21:23:02,PRAISE,https://www.linkedin.com/feed/update/urn%3Ali%3Aactivity%3A6999462779480903680
2022-11-18 21:22:59,PRAISE,https://www.linkedin.com/feed/update/urn%3Ali%3Aactivity%3A6999460180472025089
2022-11-18 07:24:14,EMPATHY,https://www.linkedin.com/feed/update/urn%3Ali%3Aactivity%3A6999266471528804352
2022-11-17 22:40:12,EMPATHY,https://www.linkedin.com/feed/update/urn%3Ali%3Aactivity%3A6998350409136263168?commentUrn=urn%3Ali%3Acomment%3A%28activity%3A6998350409136263168%2C6999051866009452545%29
2022-11-17 21:40:48,LIKE,https://www.linkedin.com/feed/update/urn%3Ali%3Aactivity%3A6999058605094178818
2022-11-17 20:26:20,EMPATHY,https://www.linkedin.com/feed/update/urn%3Ali%3Aactivity%3A6999047864991571976
2022-11-17 13:50:58,PRAISE,https://www.linkedin.com/feed/update/urn%3Ali%3Aactivity%3A6998984433303220224
2022-11-17 13:50:48,PRAISE,https://www.linkedin.com/feed/update/urn%3Ali%3AugcPost%3A6998930733905899520
2022-11-17 11:22:43,LIKE,https://www.linkedin.com/feed/update/urn%3Ali%3Aactivity%3A6998888631885041664
2022-11-16 21:23:36,ENTERTAINMENT,https://www.linkedin.com/feed/update/urn%3Ali%3AugcPost%3A6998751637804650496?commentUrn=urn%3Ali%3Acomment%3A%28ugcPost%3A6998751637804650496%2C6998755795085524992%29
2022-11-16 21:13:16,ENTERTAINMENT,https://www.linkedin.com/feed/update/urn%3Ali%3AugcPost%3A6998751637804650496
2022-11-16 20:16:23,INTEREST,https://www.linkedin.com/feed/update/urn%3Ali%3Aactivity%3A6998726707352342531
2022-11-16 20:13:45,EMPATHY,https://www.linkedin.com/feed/update/urn%3Ali%3Aactivity%3A6998350409136263168?commentUrn=urn%3Ali%3Acomment%3A%28activity%3A6998350409136263168%2C6998509007380328448%29
2022-11-16 20:13:30,EMPATHY,https://www.linkedin.com/feed/update/urn%3Ali%3Aactivity%3A6998350409136263168?commentUrn=urn%3Ali%3Acomment%3A%28activity%3A6998350409136263168%2C6998356639867154433%29
2022-11-16 20:13:17,EMPATHY,https://www.linkedin.com/feed/update/urn%3Ali%3Aactivity%3A6998350409136263168?commentUrn=urn%3Ali%3Acomment%3A%28activity%3A6998350409136263168%2C6998521485539573760%29
2022-11-16 20:12:47,EMPATHY,https://www.linkedin.com/feed/update/urn%3Ali%3Aactivity%3A6998350409136263168?commentUrn=urn%3Ali%3Acomment%3A%28activity%3A6998350409136263168%2C6998435641818558464%29
2022-11-16 20:12:32,EMPATHY,https://www.linkedin.com/feed/update/urn%3Ali%3Aactivity%3A6998350409136263168?commentUrn=urn%3Ali%3Acomment%3A%28activity%3A6998350409136263168%2C6998355807624941569%29
2022-11-16 20:12:10,EMPATHY,https://www.linkedin.com/feed/update/urn%3Ali%3Aactivity%3A6998350409136263168?commentUrn=urn%3Ali%3Acomment%3A%28activity%3A6998350409136263168%2C6998352703089192961%29
2022-11-16 20:11:35,EMPATHY,https://www.linkedin.com/feed/update/urn%3Ali%3Aactivity%3A6998350409136263168?commentUrn=urn%3Ali%3Acomment%3A%28activity%3A6998350409136263168%2C6998372882095456256%29
2022-11-16 20:11:19,EMPATHY,https://www.linkedin.com/feed/update/urn%3Ali%3Aactivity%3A6998350409136263168?commentUrn=urn%3Ali%3Acomment%3A%28activity%3A6998350409136263168%2C6998507243465764864%29
2022-11-16 20:11:00,EMPATHY,https://www.linkedin.com/feed/update/urn%3Ali%3Aactivity%3A6998350409136263168?commentUrn=urn%3Ali%3Acomment%3A%28activity%3A6998350409136263168%2C6998525475207712768%29
2022-11-16 20:10:50,EMPATHY,https://www.linkedin.com/feed/update/urn%3Ali%3Aactivity%3A6998350409136263168?commentUrn=urn%3Ali%3Acomment%3A%28activity%3A6998350409136263168%2C6998352631601459200%29
2022-11-16 20:10:38,EMPATHY,https://www.linkedin.com/feed/update/urn%3Ali%3Aactivity%3A6998350409136263168?commentUrn=urn%3Ali%3Acomment%3A%28activity%3A6998350409136263168%2C6998381076100313089%29
2022-11-16 20:08:08,EMPATHY,https://www.linkedin.com/feed/update/urn%3Ali%3Aactivity%3A6998350409136263168?commentUrn=urn%3Ali%3Acomment%3A%28activity%3A6998350409136263168%2C6998368562927022081%29
2022-11-16 20:07:42,EMPATHY,https://www.linkedin.com/feed/update/urn%3Ali%3Aactivity%3A6998350409136263168?commentUrn=urn%3Ali%3Acomment%3A%28activity%3A6998350409136263168%2C6998562550657245184%29
2022-11-16 20:07:13,EMPATHY,https://www.linkedin.com/feed/update/urn%3Ali%3Aactivity%3A6998350409136263168?commentUrn=urn%3Ali%3Acomment%3A%28activity%3A6998350409136263168%2C6998517158720778240%29
2022-11-16 20:06:21,EMPATHY,https://www.linkedin.com/feed/update/urn%3Ali%3Aactivity%3A6998350409136263168?commentUrn=urn%3Ali%3Acomment%3A%28activity%3A6998350409136263168%2C6998634744179552256%29
2022-11-15 23:55:04,PRAISE,https://www.linkedin.com/feed/update/urn%3Ali%3Aactivity%3A6998388384796708864
2022-11-15 10:12:14,PRAISE,https://www.linkedin.com/feed/update/urn%3Ali%3Aactivity%3A6998213924877729792
2022-11-14 21:29:13,LIKE,https://www.linkedin.com/feed/update/urn%3Ali%3Aactivity%3A6997949792584626176?commentUrn=urn%3Ali%3Acomment%3A%28activity%3A6997949792584626176%2C6998012478303428608%29
2022-11-14 14:41:55,LIKE,https://www.linkedin.com/feed/update/urn%3Ali%3Aactivity%3A6997903729534361600
2022-11-14 14:06:14,PRAISE,https://www.linkedin.com/feed/update/urn%3Ali%3Aactivity%3A6995486235582443520
2022-11-14 09:37:02,PRAISE,https://www.linkedin.com/feed/update/urn%3Ali%3AugcPost%3A6997851809503436800
2022-11-13 23:31:52,PRAISE,https://www.linkedin.com/feed/update/urn%3Ali%3AugcPost%3A6997698744389414912
2022-11-13 20:41:53,LIKE,https://www.linkedin.com/feed/update/urn%3Ali%3Aactivity%3A6996267059152056322
2022-11-13 20:39:13,PRAISE,https://www.linkedin.com/feed/update/urn%3Ali%3AugcPost%3A6996566623557967872
2022-11-13 18:06:30,PRAISE,https://www.linkedin.com/feed/update/urn%3Ali%3Aactivity%3A6997620002585493504
2022-11-13 11:04:33,EMPATHY,https://www.linkedin.com/feed/update/urn%3Ali%3AugcPost%3A6997276178952683520?commentUrn=urn%3Ali%3Acomment%3A%28ugcPost%3A6997276178952683520%2C6997396334454415360%29
2022-11-12 21:14:29,PRAISE,https://www.linkedin.com/feed/update/urn%3Ali%3Aactivity%3A6996804474304368640
2022-11-12 20:35:37,PRAISE,https://www.linkedin.com/feed/update/urn%3Ali%3Aactivity%3A6997167693652983808
2022-11-12 20:35:06,PRAISE,https://www.linkedin.com/feed/update/urn%3Ali%3AugcPost%3A6997276178952683520
2022-11-11 11:46:53,EMPATHY,https://www.linkedin.com/feed/update/urn%3Ali%3Aactivity%3A6996786388016762880
2022-11-11 11:46:39,PRAISE,https://www.linkedin.com/feed/update/urn%3Ali%3AugcPost%3A6996605026630549504
2022-11-10 17:56:44,LIKE,https://www.linkedin.com/feed/update/urn%3Ali%3Aactivity%3A6996397936054030336?commentUrn=urn%3Ali%3Acomment%3A%28activity%3A6996397936054030336%2C6996503815894020096%29
2022-11-10 17:49:39,LIKE,https://www.linkedin.com/feed/update/urn%3Ali%3AugcPost%3A6996515192574476288
2022-11-10 13:25:49,PRAISE,https://www.linkedin.com/feed/update/urn%3Ali%3AugcPost%3A6996454845507358720
2022-11-10 09:55:50,LIKE,https://www.linkedin.com/feed/update/urn%3Ali%3Aactivity%3A6996403893429518337
2022-11-10 09:55:49,LIKE,https://www.linkedin.com/feed/update/urn%3Ali%3Aactivity%3A6996403893429518337?commentUrn=urn%3Ali%3Acomment%3A%28activity%3A6996403893429518337%2C6996405547520421888%29
2022-11-09 19:16:16,PRAISE,https://www.linkedin.com/feed/update/urn%3Ali%3Aactivity%3A6996103141209354240
2022-11-09 18:11:30,EMPATHY,https://www.linkedin.com/feed/update/urn%3Ali%3Aactivity%3A6991341713789235200?commentUrn=urn%3Ali%3Acomment%3A%28activity%3A6991341713789235200%2C6996154640320905216%29
2022-11-09 17:59:04,LIKE,https://www.linkedin.com/feed/update/urn%3Ali%3Aactivity%3A6996129233693523969
2022-11-09 16:45:18,EMPATHY,https://www.linkedin.com/feed/update/urn%3Ali%3AugcPost%3A6996142728736624640
2022-11-09 13:55:49,LIKE,https://www.linkedin.com/feed/update/urn%3Ali%3Aactivity%3A6996070681809457152
2022-11-09 13:55:43,LIKE,https://www.linkedin.com/feed/update/urn%3Ali%3AugcPost%3A6996095158945517569
2022-11-09 13:55:20,EMPATHY,https://www.linkedin.com/feed/update/urn%3Ali%3Aactivity%3A6995125091860656128
2022-11-09 11:26:49,PRAISE,https://www.linkedin.com/feed/update/urn%3Ali%3AugcPost%3A6996037289952874496
2022-11-09 10:41:04,EMPATHY,https://www.linkedin.com/feed/update/urn%3Ali%3Aactivity%3A6995087367036391424?commentUrn=urn%3Ali%3Acomment%3A%28activity%3A6995087367036391424%2C6996058890689736705%29
2022-11-09 10:38:33,EMPATHY,https://www.linkedin.com/feed/update/urn%3Ali%3Aactivity%3A6995087367036391424?commentUrn=urn%3Ali%3Acomment%3A%28activity%3A6995087367036391424%2C6995651893871955968%29
2022-11-09 10:37:39,EMPATHY,https://www.linkedin.com/feed/update/urn%3Ali%3Aactivity%3A6995087367036391424?commentUrn=urn%3Ali%3Acomment%3A%28activity%3A6995087367036391424%2C6995831536361050112%29
2022-11-09 10:37:18,EMPATHY,https://www.linkedin.com/feed/update/urn%3Ali%3Aactivity%3A6995087367036391424?commentUrn=urn%3Ali%3Acomment%3A%28activity%3A6995087367036391424%2C6995850506669551616%29
2022-11-09 10:36:37,PRAISE,https://www.linkedin.com/feed/update/urn%3Ali%3Aactivity%3A6996052709640409088
2022-11-08 08:18:37,LIKE,https://www.linkedin.com/feed/update/urn%3Ali%3AugcPost%3A6995642184649596928
2022-11-08 05:57:25,LIKE,https://www.linkedin.com/feed/update/urn%3Ali%3Aactivity%3A6994259406896984064
2022-11-08 01:24:54,PRAISE,https://www.linkedin.com/feed/update/urn%3Ali%3Aactivity%3A6995226262315147264
2022-11-07 19:46:15,PRAISE,https://www.linkedin.com/feed/update/urn%3Ali%3Aactivity%3A6995374284470685697
2022-11-07 12:05:52,EMPATHY,https://www.linkedin.com/feed/update/urn%3Ali%3Aactivity%3A6995087367036391424?commentUrn=urn%3Ali%3Acomment%3A%28activity%3A6995087367036391424%2C6995289120134557696%29
2022-11-07 12:05:36,EMPATHY,https://www.linkedin.com/feed/update/urn%3Ali%3Aactivity%3A6995087367036391424?commentUrn=urn%3Ali%3Acomment%3A%28activity%3A6995087367036391424%2C6995280813122596865%29
2022-11-06 21:47:06,EMPATHY,https://www.linkedin.com/feed/update/urn%3Ali%3Aactivity%3A6995087367036391424?commentUrn=urn%3Ali%3Acomment%3A%28activity%3A6995087367036391424%2C6995118706284486656%29
2022-11-06 21:46:44,EMPATHY,https://www.linkedin.com/feed/update/urn%3Ali%3Aactivity%3A6995087367036391424?commentUrn=urn%3Ali%3Acomment%3A%28activity%3A6995087367036391424%2C6995127499651207168%29
2022-11-06 21:36:01,PRAISE,https://www.linkedin.com/feed/update/urn%3Ali%3Aactivity%3A6995052851701944320
2022-11-06 21:23:04,PRAISE,https://www.linkedin.com/feed/update/urn%3Ali%3Aactivity%3A6995108984059801600
2022-11-06 21:22:44,PRAISE,https://www.linkedin.com/feed/update/urn%3Ali%3Aactivity%3A6995132600604323840
2022-11-06 20:22:13,EMPATHY,https://www.linkedin.com/feed/update/urn%3Ali%3Aactivity%3A6995087367036391424?commentUrn=urn%3Ali%3Acomment%3A%28activity%3A6995087367036391424%2C6995107168723116032%29
2022-11-06 19:07:26,EMPATHY,https://www.linkedin.com/feed/update/urn%3Ali%3Aactivity%3A6995087367036391424?commentUrn=urn%3Ali%3Acomment%3A%28activity%3A6995087367036391424%2C6995097186870956032%29
2022-11-06 18:56:24,EMPATHY,https://www.linkedin.com/feed/update/urn%3Ali%3Aactivity%3A6995087367036391424?commentUrn=urn%3Ali%3Acomment%3A%28activity%3A6995087367036391424%2C6995091340464152576%29
2022-11-06 18:55:56,EMPATHY,https://www.linkedin.com/feed/update/urn%3Ali%3Aactivity%3A6995087367036391424?commentUrn=urn%3Ali%3Acomment%3A%28activity%3A6995087367036391424%2C6995092486423482368%29
2022-11-06 18:55:33,EMPATHY,https://www.linkedin.com/feed/update/urn%3Ali%3Aactivity%3A6995087367036391424?commentUrn=urn%3Ali%3Acomment%3A%28activity%3A6995087367036391424%2C6995089378276438016%29
2022-11-06 18:55:13,EMPATHY,https://www.linkedin.com/feed/update/urn%3Ali%3Aactivity%3A6995087367036391424?commentUrn=urn%3Ali%3Acomment%3A%28activity%3A6995087367036391424%2C6995090756738691073%29
2022-11-06 18:24:26,EMPATHY,https://www.linkedin.com/feed/update/urn%3Ali%3Aactivity%3A6995087367036391424?commentUrn=urn%3Ali%3Acomment%3A%28activity%3A6995087367036391424%2C6995088448579616769%29
2022-11-05 21:10:19,EMPATHY,https://www.linkedin.com/feed/update/urn%3Ali%3AugcPost%3A6994227107677499392?commentUrn=urn%3Ali%3Acomment%3A%28ugcPost%3A6994227107677499392%2C6994682028038189057%29
2022-11-04 18:35:01,LIKE,https://www.linkedin.com/feed/update/urn%3Ali%3Aactivity%3A6990687720809377793
2022-11-04 11:16:36,PRAISE,https://www.linkedin.com/feed/update/urn%3Ali%3AugcPost%3A6994227107677499392
2022-11-04 10:51:53,EMPATHY,https://www.linkedin.com/feed/update/urn%3Ali%3Aactivity%3A6994031113270644736?commentUrn=urn%3Ali%3Acomment%3A%28activity%3A6994031113270644736%2C6994218672315600896%29
2022-11-02 23:55:16,PRAISE,https://www.linkedin.com/feed/update/urn%3Ali%3Aactivity%3A6993698930391748608
2022-11-02 23:06:53,PRAISE,https://www.linkedin.com/feed/update/urn%3Ali%3AugcPost%3A6993561098146734080
2022-11-02 23:06:01,LIKE,https://www.linkedin.com/feed/update/urn%3Ali%3Aactivity%3A6993556247765487617
2022-11-02 21:25:40,PRAISE,https://www.linkedin.com/feed/update/urn%3Ali%3Aactivity%3A6993680139842727937
2022-11-01 16:25:48,PRAISE,https://www.linkedin.com/feed/update/urn%3Ali%3AugcPost%3A6993245859270299648
2022-10-28 00:20:53,LIKE,https://www.linkedin.com/feed/update/urn%3Ali%3Aactivity%3A6991341713789235200?commentUrn=urn%3Ali%3Acomment%3A%28activity%3A6991341713789235200%2C6991508756282904576%29
2022-10-27 14:14:48,LIKE,https://www.linkedin.com/feed/update/urn%3Ali%3Aactivity%3A6991341713789235200?commentUrn=urn%3Ali%3Acomment%3A%28activity%3A6991341713789235200%2C6991365953145982976%29
2022-10-27 14:14:47,LIKE,https://www.linkedin.com/feed/update/urn%3Ali%3Aactivity%3A6991341713789235200?commentUrn=urn%3Ali%3Acomment%3A%28activity%3A6991341713789235200%2C6991362276444266496%29
2022-10-27 10:16:16,EMPATHY,https://www.linkedin.com/feed/update/urn%3Ali%3AugcPost%3A6987031061268455424?commentUrn=urn%3Ali%3Acomment%3A%28ugcPost%3A6987031061268455424%2C6991168446067585024%29
2022-10-27 10:16:13,EMPATHY,https://www.linkedin.com/feed/update/urn%3Ali%3AugcPost%3A6987031061268455424?commentUrn=urn%3Ali%3Acomment%3A%28ugcPost%3A6987031061268455424%2C6991168226147594240%29
2022-10-24 20:41:52,APPRECIATION,https://www.linkedin.com/feed/update/urn%3Ali%3AugcPost%3A6990376701587263488
2022-10-24 09:23:42,PRAISE,https://www.linkedin.com/feed/update/urn%3Ali%3AugcPost%3A6990225768396034048
2022-10-23 10:18:28,LIKE,https://www.linkedin.com/feed/update/urn%3Ali%3Aactivity%3A6989835524932820992
2022-10-23 10:12:29,PRAISE,https://www.linkedin.com/feed/update/urn%3Ali%3AugcPost%3A6989698694228938752
2022-10-23 10:11:17,PRAISE,https://www.linkedin.com/feed/update/urn%3Ali%3Aactivity%3A6989691621311172608
2022-10-22 09:07:46,PRAISE,https://www.linkedin.com/feed/update/urn%3Ali%3Aactivity%3A6989505320272162816
2022-10-21 10:34:26,LIKE,https://www.linkedin.com/feed/update/urn%3Ali%3Aactivity%3A6989138878045532160
2022-10-21 06:55:12,LIKE,https://www.linkedin.com/feed/update/urn%3Ali%3Aactivity%3A6989070219570757632
2022-10-20 05:21:00,PRAISE,https://www.linkedin.com/feed/update/urn%3Ali%3Aactivity%3A6988497547002556417
2022-10-19 14:19:07,EMPATHY,https://www.linkedin.com/feed/update/urn%3Ali%3Aactivity%3A6988471599775559680
2022-10-18 22:38:29,PRAISE,https://www.linkedin.com/feed/update/urn%3Ali%3Aactivity%3A6988255727093977088
2022-10-18 20:47:50,PRAISE,https://www.linkedin.com/feed/update/urn%3Ali%3AugcPost%3A6987859517673738240
2022-10-18 20:42:28,PRAISE,https://www.linkedin.com/feed/update/urn%3Ali%3Aactivity%3A6988221228725514240
2022-10-18 20:35:52,LIKE,https://www.linkedin.com/feed/update/urn%3Ali%3Aactivity%3A6988174059649789952
2022-10-18 20:35:36,PRAISE,https://www.linkedin.com/feed/update/urn%3Ali%3AugcPost%3A6987861669230075904
2022-10-18 20:35:30,PRAISE,https://www.linkedin.com/feed/update/urn%3Ali%3AugcPost%3A6987872417331228674
2022-10-18 20:34:27,EMPATHY,https://www.linkedin.com/feed/update/urn%3Ali%3AugcPost%3A6988060740339286017
2022-10-18 17:21:33,PRAISE,https://www.linkedin.com/feed/update/urn%3Ali%3AugcPost%3A6987878890610286592
2022-10-18 17:21:04,PRAISE,https://www.linkedin.com/feed/update/urn%3Ali%3AugcPost%3A6988139822808752128
2022-10-18 01:32:29,EMPATHY,https://www.linkedin.com/feed/update/urn%3Ali%3AugcPost%3A6987920877854035968
2022-10-17 16:16:10,LIKE,https://www.linkedin.com/feed/update/urn%3Ali%3Aactivity%3A6985978187558100993
2022-10-17 15:16:33,EMPATHY,https://www.linkedin.com/feed/update/urn%3Ali%3AugcPost%3A6987687578724413441
2022-10-17 15:16:13,EMPATHY,https://www.linkedin.com/feed/update/urn%3Ali%3AugcPost%3A6987689348926201856
2022-10-17 15:09:25,EMPATHY,https://www.linkedin.com/feed/update/urn%3Ali%3AugcPost%3A6987681941600780288
2022-10-17 14:28:16,LIKE,https://www.linkedin.com/feed/update/urn%3Ali%3Aactivity%3A6987758634013233152
2022-10-16 21:03:41,PRAISE,https://www.linkedin.com/feed/update/urn%3Ali%3AugcPost%3A6987489499790348288
2022-10-16 21:03:23,LIKE,https://www.linkedin.com/feed/update/urn%3Ali%3Aactivity%3A6987421073893957632
2022-10-16 17:38:08,PRAISE,https://www.linkedin.com/feed/update/urn%3Ali%3Aactivity%3A6987462883072749568
2022-10-16 15:20:26,PRAISE,https://www.linkedin.com/feed/update/urn%3Ali%3AugcPost%3A6987428424285884416
2022-10-16 07:57:07,LIKE,https://www.linkedin.com/feed/update/urn%3Ali%3Aactivity%3A6986465352385757185
2022-10-16 01:07:09,EMPATHY,https://www.linkedin.com/feed/update/urn%3Ali%3AugcPost%3A6987200481286598656
2022-10-15 23:02:40,PRAISE,https://www.linkedin.com/feed/update/urn%3Ali%3AugcPost%3A6985000403390095360
2022-10-15 22:35:35,EMPATHY,https://www.linkedin.com/feed/update/urn%3Ali%3AugcPost%3A6986725369068335105?commentUrn=urn%3Ali%3Acomment%3A%28ugcPost%3A6986725369068335105%2C6987146490741710848%29
2022-10-15 21:07:57,APPRECIATION,https://www.linkedin.com/feed/update/urn%3Ali%3Aactivity%3A6987124093569392640
2022-10-15 21:00:42,PRAISE,https://www.linkedin.com/feed/update/urn%3Ali%3AugcPost%3A6987150663499571200
2022-10-15 20:37:20,EMPATHY,https://www.linkedin.com/feed/update/urn%3Ali%3AugcPost%3A6987031061268455424?commentUrn=urn%3Ali%3Acomment%3A%28ugcPost%3A6987031061268455424%2C6987118009920172032%29
2022-10-15 16:58:16,EMPATHY,https://www.linkedin.com/feed/update/urn%3Ali%3AugcPost%3A6987031061268455424?commentUrn=urn%3Ali%3Acomment%3A%28ugcPost%3A6987031061268455424%2C6987072472458121216%29
2022-10-15 16:57:17,LIKE,https://www.linkedin.com/feed/update/urn%3Ali%3Aactivity%3A6987029284825509888
2022-10-15 14:06:14,EMPATHY,https://www.linkedin.com/feed/update/urn%3Ali%3AugcPost%3A6987031061268455424?commentUrn=urn%3Ali%3Acomment%3A%28ugcPost%3A6987031061268455424%2C6987032606974316544%29
2022-10-15 11:04:11,ENTERTAINMENT,https://www.linkedin.com/feed/update/urn%3Ali%3Aactivity%3A6986647768228339713?commentUrn=urn%3Ali%3Acomment%3A%28activity%3A6986647768228339713%2C6987001940832354304%29
2022-10-14 16:38:39,PRAISE,https://www.linkedin.com/feed/update/urn%3Ali%3AugcPost%3A6986725369068335105
2022-10-13 19:31:18,PRAISE,https://www.linkedin.com/feed/update/urn%3Ali%3AugcPost%3A6986006801741721601
2022-10-13 17:32:09,PRAISE,https://www.linkedin.com/feed/update/urn%3Ali%3AugcPost%3A6986349508498440193
2022-10-13 17:28:34,EMPATHY,https://www.linkedin.com/feed/update/urn%3Ali%3Aactivity%3A6985597563055837184?commentUrn=urn%3Ali%3Acomment%3A%28activity%3A6985597563055837184%2C6985714683303325696%29
2022-10-13 17:27:11,EMPATHY,https://www.linkedin.com/feed/update/urn%3Ali%3Aactivity%3A6985597563055837184?commentUrn=urn%3Ali%3Acomment%3A%28activity%3A6985597563055837184%2C6985961405799612416%29
2022-10-13 17:26:00,EMPATHY,https://www.linkedin.com/feed/update/urn%3Ali%3Aactivity%3A6985597563055837184?commentUrn=urn%3Ali%3Acomment%3A%28activity%3A6985597563055837184%2C6985850623455834112%29
2022-10-13 17:22:18,EMPATHY,https://www.linkedin.com/feed/update/urn%3Ali%3Aactivity%3A6985597563055837184?commentUrn=urn%3Ali%3Acomment%3A%28activity%3A6985597563055837184%2C6985739727781916672%29
2022-10-12 09:59:54,PRAISE,https://www.linkedin.com/feed/update/urn%3Ali%3AugcPost%3A6985886962805030912
2022-10-12 09:26:43,EMPATHY,https://www.linkedin.com/feed/update/urn%3Ali%3Aactivity%3A6985597563055837184?commentUrn=urn%3Ali%3Acomment%3A%28activity%3A6985597563055837184%2C6985715466635759619%29
2022-10-11 23:12:11,PRAISE,https://www.linkedin.com/feed/update/urn%3Ali%3Aactivity%3A6981969731717087232
2022-10-11 21:46:38,PRAISE,https://www.linkedin.com/feed/update/urn%3Ali%3AugcPost%3A6985642525671723009
2022-10-11 21:29:59,EMPATHY,https://www.linkedin.com/feed/update/urn%3Ali%3Aactivity%3A6985597563055837184?commentUrn=urn%3Ali%3Acomment%3A%28activity%3A6985597563055837184%2C6985711961271341057%29
2022-10-11 21:27:35,EMPATHY,https://www.linkedin.com/feed/update/urn%3Ali%3Aactivity%3A6985597563055837184?commentUrn=urn%3Ali%3Acomment%3A%28activity%3A6985597563055837184%2C6985646362281324544%29
2022-10-11 21:27:30,EMPATHY,https://www.linkedin.com/feed/update/urn%3Ali%3Aactivity%3A6985597563055837184?commentUrn=urn%3Ali%3Acomment%3A%28activity%3A6985597563055837184%2C6985658080734658560%29
2022-10-11 21:27:13,EMPATHY,https://www.linkedin.com/feed/update/urn%3Ali%3Aactivity%3A6985597563055837184?commentUrn=urn%3Ali%3Acomment%3A%28activity%3A6985597563055837184%2C6985615150787530752%29
2022-10-11 21:26:06,EMPATHY,https://www.linkedin.com/feed/update/urn%3Ali%3Aactivity%3A6985597563055837184?commentUrn=urn%3Ali%3Acomment%3A%28activity%3A6985597563055837184%2C6985632526245527552%29
2022-10-11 21:25:53,EMPATHY,https://www.linkedin.com/feed/update/urn%3Ali%3Aactivity%3A6985597563055837184?commentUrn=urn%3Ali%3Acomment%3A%28activity%3A6985597563055837184%2C6985681767504482305%29
2022-10-11 21:25:41,EMPATHY,https://www.linkedin.com/feed/update/urn%3Ali%3Aactivity%3A6985597563055837184?commentUrn=urn%3Ali%3Acomment%3A%28activity%3A6985597563055837184%2C6985607516101447680%29
2022-10-11 21:25:15,EMPATHY,https://www.linkedin.com/feed/update/urn%3Ali%3Aactivity%3A6985597563055837184?commentUrn=urn%3Ali%3Acomment%3A%28activity%3A6985597563055837184%2C6985622576068730882%29
2022-10-11 14:27:02,EMPATHY,https://www.linkedin.com/feed/update/urn%3Ali%3Aactivity%3A6985597563055837184?commentUrn=urn%3Ali%3Acomment%3A%28activity%3A6985597563055837184%2C6985600250317074432%29
2022-10-11 14:00:57,EMPATHY,https://www.linkedin.com/feed/update/urn%3Ali%3Aactivity%3A6985597563055837184?commentUrn=urn%3Ali%3Acomment%3A%28activity%3A6985597563055837184%2C6985599466502279169%29
2022-10-11 14:00:27,EMPATHY,https://www.linkedin.com/feed/update/urn%3Ali%3Aactivity%3A6985597563055837184?commentUrn=urn%3Ali%3Acomment%3A%28activity%3A6985597563055837184%2C6985599232023883777%29
2022-10-11 13:57:05,EMPATHY,https://www.linkedin.com/feed/update/urn%3Ali%3Aactivity%3A6985597563055837184?commentUrn=urn%3Ali%3Acomment%3A%28activity%3A6985597563055837184%2C6985598797196193792%29
2022-10-10 02:17:47,LIKE,https://www.linkedin.com/feed/update/urn%3Ali%3Aactivity%3A6981710684321456128
2022-10-09 18:26:21,LIKE,https://www.linkedin.com/feed/update/urn%3Ali%3Aactivity%3A6984924592985268224
2022-10-08 16:29:47,PRAISE,https://www.linkedin.com/feed/update/urn%3Ali%3AugcPost%3A6984519613912899584
2022-10-07 23:41:01,LIKE,https://www.linkedin.com/feed/update/urn%3Ali%3Aactivity%3A6983902016888549376
2022-10-07 08:43:30,PRAISE,https://www.linkedin.com/feed/update/urn%3Ali%3Aactivity%3A6983535344843411456
2022-10-06 20:47:07,PRAISE,https://www.linkedin.com/feed/update/urn%3Ali%3AugcPost%3A6983439931129884672
2022-10-06 11:13:41,EMPATHY,https://www.linkedin.com/feed/update/urn%3Ali%3AugcPost%3A6983744403081191425
2022-10-06 08:58:37,EMPATHY,https://www.linkedin.com/feed/update/urn%3Ali%3Aactivity%3A6983498110144532480
2022-10-06 00:09:24,PRAISE,https://www.linkedin.com/feed/update/urn%3Ali%3AugcPost%3A6983424471646785536
2022-10-05 22:35:51,LIKE,https://www.linkedin.com/feed/update/urn%3Ali%3AugcPost%3A6983432602342838272
2022-10-05 21:46:59,INTEREST,https://www.linkedin.com/feed/update/urn%3Ali%3Aactivity%3A6983518331555246080
2022-10-05 13:53:36,PRAISE,https://www.linkedin.com/feed/update/urn%3Ali%3AugcPost%3A6982648931071475712
2022-10-05 10:45:30,EMPATHY,https://www.linkedin.com/feed/update/urn%3Ali%3Aactivity%3A6983145572824190976?commentUrn=urn%3Ali%3Acomment%3A%28activity%3A6983145572824190976%2C6983294899785732096%29
2022-10-05 10:43:35,LIKE,https://www.linkedin.com/feed/update/urn%3Ali%3AugcPost%3A6983359237284356096
2022-10-05 09:17:36,LIKE,https://www.linkedin.com/feed/update/urn%3Ali%3Aactivity%3A6983351959831343104
2022-09-28 01:22:12,LIKE,https://www.linkedin.com/feed/update/urn%3Ali%3Aactivity%3A6980565672632201216
2022-09-27 03:16:37,LIKE,https://www.linkedin.com/feed/update/urn%3Ali%3Aactivity%3A6980309308601217024
2022-09-26 18:16:13,APPRECIATION,https://www.linkedin.com/feed/update/urn%3Ali%3AugcPost%3A6980211015003066368
2022-09-26 10:15:35,LIKE,https://www.linkedin.com/feed/update/urn%3Ali%3AugcPost%3A6979958572713406464?commentUrn=urn%3Ali%3Acomment%3A%28ugcPost%3A6979958572713406464%2C6980091898854051840%29
2022-09-26 08:41:17,PRAISE,https://www.linkedin.com/feed/update/urn%3Ali%3Aactivity%3A6979833521599098880
2022-09-26 00:23:16,PRAISE,https://www.linkedin.com/feed/update/urn%3Ali%3AugcPost%3A6979953326066970624
2022-09-25 22:37:57,PRAISE,https://www.linkedin.com/feed/update/urn%3Ali%3Aactivity%3A6979849324281106432
2022-09-23 23:03:31,LIKE,https://www.linkedin.com/feed/update/urn%3Ali%3Aactivity%3A6977952617926660096
2022-09-14 16:18:00,LIKE,https://www.linkedin.com/feed/update/urn%3Ali%3Aactivity%3A6975082774256918528?commentUrn=urn%3Ali%3Acomment%3A%28activity%3A6975082774256918528%2C6975151292700602368%29
2022-09-14 16:17:59,LIKE,https://www.linkedin.com/feed/update/urn%3Ali%3Aactivity%3A6975082774256918528?commentUrn=urn%3Ali%3Acomment%3A%28activity%3A6975082774256918528%2C6975289180406841344%29
2022-09-14 09:57:45,EMPATHY,https://www.linkedin.com/feed/update/urn%3Ali%3Aactivity%3A6975137758746931200
2022-09-11 17:27:01,EMPATHY,https://www.linkedin.com/feed/update/urn%3Ali%3AugcPost%3A6971321494077358080
2022-09-11 17:26:49,EMPATHY,https://www.linkedin.com/feed/update/urn%3Ali%3Aactivity%3A6974774464089604096
2022-09-11 17:25:52,PRAISE,https://www.linkedin.com/feed/update/urn%3Ali%3AugcPost%3A6974672020449964032
2022-09-11 09:59:07,EMPATHY,https://www.linkedin.com/feed/update/urn%3Ali%3Aactivity%3A6974444261077323776
2022-09-09 03:25:01,EMPATHY,https://www.linkedin.com/feed/update/urn%3Ali%3Aactivity%3A6973704491950833664
2022-09-08 09:42:01,LIKE,https://www.linkedin.com/feed/update/urn%3Ali%3AugcPost%3A6973396616028258304
2022-09-07 17:22:18,EMPATHY,https://www.linkedin.com/feed/update/urn%3Ali%3Aactivity%3A6972635279434113024
2022-09-07 09:41:33,LIKE,https://www.linkedin.com/feed/update/urn%3Ali%3Aactivity%3A6971428089306214400
2022-09-07 09:39:42,LIKE,https://www.linkedin.com/feed/update/urn%3Ali%3Aactivity%3A6972476170218942465?commentUrn=urn%3Ali%3Acomment%3A%28activity%3A6972476170218942465%2C6972579876558016512%29
2022-09-04 13:17:55,LIKE,https://www.linkedin.com/feed/update/urn%3Ali%3Aactivity%3A6972101007522574336
2022-09-02 08:24:23,PRAISE,https://www.linkedin.com/feed/update/urn%3Ali%3Aactivity%3A6971214602361536512
2022-09-01 21:28:12,LIKE,https://www.linkedin.com/feed/update/urn%3Ali%3Aactivity%3A6971192574279585792
2022-09-01 20:50:39,LIKE,https://www.linkedin.com/feed/update/urn%3Ali%3Aactivity%3A6969995373092241408
2022-09-01 20:49:58,PRAISE,https://www.linkedin.com/feed/update/urn%3Ali%3AugcPost%3A6971107424782938112
2022-09-01 20:49:31,PRAISE,https://www.linkedin.com/feed/update/urn%3Ali%3Aactivity%3A6971068586526158850
2022-09-01 20:48:06,LIKE,https://www.linkedin.com/feed/update/urn%3Ali%3Aactivity%3A6969408316397481984?commentUrn=urn%3Ali%3Acomment%3A%28activity%3A6969408316397481984%2C6969489743759720448%29
2022-08-29 11:39:04,LIKE,https://www.linkedin.com/feed/update/urn%3Ali%3Aactivity%3A6969945713686269952
2022-08-26 18:46:04,EMPATHY,https://www.linkedin.com/feed/update/urn%3Ali%3Aactivity%3A6968938620304941056
2022-08-25 20:24:57,LIKE,https://www.linkedin.com/feed/update/urn%3Ali%3Aactivity%3A6968618026006921217
2022-08-24 08:21:06,EMPATHY,https://www.linkedin.com/feed/update/urn%3Ali%3Aactivity%3A6967943456434339840
2022-08-17 18:51:38,EMPATHY,https://www.linkedin.com/feed/update/urn%3Ali%3Aactivity%3A6965719428994859008
2022-08-17 12:41:40,EMPATHY,https://www.linkedin.com/feed/update/urn%3Ali%3AugcPost%3A6965611412773568512?commentUrn=urn%3Ali%3Acomment%3A%28ugcPost%3A6965611412773568512%2C6965646903308890112%29
2022-08-17 12:24:22,LIKE,https://www.linkedin.com/feed/update/urn%3Ali%3AugcPost%3A6965611412773568512
2022-08-04 14:53:50,EMPATHY,https://www.linkedin.com/feed/update/urn%3Ali%3AugcPost%3A6959200523413524480?commentUrn=urn%3Ali%3Acomment%3A%28ugcPost%3A6959200523413524480%2C6959835420599689217%29
2022-08-04 14:53:32,EMPATHY,https://www.linkedin.com/feed/update/urn%3Ali%3AugcPost%3A6959200523413524480?commentUrn=urn%3Ali%3Acomment%3A%28ugcPost%3A6959200523413524480%2C6959873794182144000%29
2022-08-04 14:53:04,EMPATHY,https://www.linkedin.com/feed/update/urn%3Ali%3AugcPost%3A6959200523413524480?commentUrn=urn%3Ali%3Acomment%3A%28ugcPost%3A6959200523413524480%2C6960219016904732673%29
2022-08-04 12:13:42,LIKE,https://www.linkedin.com/feed/update/urn%3Ali%3AugcPost%3A6960896023539904512
2022-08-02 10:36:44,LIKE,https://www.linkedin.com/feed/update/urn%3Ali%3Aactivity%3A6959970085100769280
2022-08-01 21:14:26,EMPATHY,https://www.linkedin.com/feed/update/urn%3Ali%3AugcPost%3A6959200523413524480?commentUrn=urn%3Ali%3Acomment%3A%28ugcPost%3A6959200523413524480%2C6959960614983118848%29
2022-07-31 15:36:08,EMPATHY,https://www.linkedin.com/feed/update/urn%3Ali%3AugcPost%3A6959200523413524480?commentUrn=urn%3Ali%3Acomment%3A%28ugcPost%3A6959200523413524480%2C6959228096537346048%29
2022-07-31 15:35:56,EMPATHY,https://www.linkedin.com/feed/update/urn%3Ali%3AugcPost%3A6959200523413524480?commentUrn=urn%3Ali%3Acomment%3A%28ugcPost%3A6959200523413524480%2C6959216455817015296%29
2022-07-31 15:35:32,EMPATHY,https://www.linkedin.com/feed/update/urn%3Ali%3AugcPost%3A6959200523413524480?commentUrn=urn%3Ali%3Acomment%3A%28ugcPost%3A6959200523413524480%2C6959210290060124160%29
2022-07-31 15:34:58,EMPATHY,https://www.linkedin.com/feed/update/urn%3Ali%3AugcPost%3A6959200523413524480?commentUrn=urn%3Ali%3Acomment%3A%28ugcPost%3A6959200523413524480%2C6959245279795527680%29
2022-07-31 15:34:45,EMPATHY,https://www.linkedin.com/feed/update/urn%3Ali%3AugcPost%3A6959200523413524480?commentUrn=urn%3Ali%3Acomment%3A%28ugcPost%3A6959200523413524480%2C6959235168268091392%29
2022-07-31 15:34:27,EMPATHY,https://www.linkedin.com/feed/update/urn%3Ali%3AugcPost%3A6959200523413524480?commentUrn=urn%3Ali%3Acomment%3A%28ugcPost%3A6959200523413524480%2C6959271881510141952%29
2022-07-31 15:33:50,EMPATHY,https://www.linkedin.com/feed/update/urn%3Ali%3AugcPost%3A6959200523413524480?commentUrn=urn%3Ali%3Acomment%3A%28ugcPost%3A6959200523413524480%2C6959489439593062400%29
2022-07-31 15:33:24,EMPATHY,https://www.linkedin.com/feed/update/urn%3Ali%3AugcPost%3A6959200523413524480?commentUrn=urn%3Ali%3Acomment%3A%28ugcPost%3A6959200523413524480%2C6959462611264368640%29
2022-07-31 15:33:09,EMPATHY,https://www.linkedin.com/feed/update/urn%3Ali%3AugcPost%3A6959200523413524480?commentUrn=urn%3Ali%3Acomment%3A%28ugcPost%3A6959200523413524480%2C6959283284467937280%29
2022-03-20 20:28:47,LIKE,https://www.linkedin.com/feed/update/urn%3Ali%3Aactivity%3A6911406616596684800
2021-11-18 18:31:07,LIKE,https://www.linkedin.com/feed/update/urn%3Ali%3Aactivity%3A6866832108145426432?commentUrn=urn%3Ali%3Acomment%3A%28activity%3A6866832108145426432%2C6866918311796510720%29
2021-10-08 13:30:33,LIKE,https://www.linkedin.com/feed/update/urn%3Ali%3Aactivity%3A6850081639876313088
2021-10-08 13:25:54,LIKE,https://www.linkedin.com/feed/update/urn%3Ali%3Aactivity%3A6851750878689542144
2021-10-08 13:24:57,APPRECIATION,https://www.linkedin.com/feed/update/urn%3Ali%3Aactivity%3A6851911982312910848
2021-09-25 16:01:22,LIKE,https://www.linkedin.com/feed/update/urn%3Ali%3Aactivity%3A6846922033520009216
2021-08-17 20:09:23,LIKE,https://www.linkedin.com/feed/update/urn%3Ali%3Aactivity%3A6833008030880186369
2021-08-17 20:09:19,LIKE,https://www.linkedin.com/feed/update/urn%3Ali%3AugcPost%3A6833458095243485184
2021-08-15 22:45:36,LIKE,https://www.linkedin.com/feed/update/urn%3Ali%3AugcPost%3A6831867816610693120
2021-08-06 16:27:16,LIKE,https://www.linkedin.com/feed/update/urn%3Ali%3Aactivity%3A6829439712034402305
2021-08-06 12:54:12,LIKE,https://www.linkedin.com/feed/update/urn%3Ali%3Aactivity%3A6825761561261477888
2021-08-04 20:08:54,LIKE,https://www.linkedin.com/feed/update/urn%3Ali%3Aactivity%3A6828772707795038208?commentUrn=urn%3Ali%3Acomment%3A%28activity%3A6828772707795038208%2C6828775358381232129%29
2021-08-04 19:52:51,LIKE,https://www.linkedin.com/feed/update/urn%3Ali%3Aactivity%3A6827173360670171136
2021-08-04 19:39:31,LIKE,https://www.linkedin.com/feed/update/urn%3Ali%3Aactivity%3A6828715261525422080
2021-08-01 19:53:53,LIKE,https://www.linkedin.com/feed/update/urn%3Ali%3Aactivity%3A6827667449740111872
2021-06-25 08:44:37,EMPATHY,https://www.linkedin.com/feed/update/urn%3Ali%3Aactivity%3A6813063518393368576
2021-05-11 10:33:47,LIKE,https://www.linkedin.com/feed/update/urn%3Ali%3AugcPost%3A6797222402129436672
2021-05-08 19:30:11,LIKE,https://www.linkedin.com/feed/update/urn%3Ali%3Aactivity%3A6796849930838274048
2021-05-08 19:30:00,LIKE,https://www.linkedin.com/feed/update/urn%3Ali%3Aactivity%3A6796077069802590208
2021-04-20 22:21:03,LIKE,https://www.linkedin.com/feed/update/urn%3Ali%3AugcPost%3A6790279058891538436
2021-04-04 00:10:23,LIKE,https://www.linkedin.com/feed/update/urn%3Ali%3Aactivity%3A6783231715935588352
2021-03-13 13:09:55,LIKE,https://www.linkedin.com/feed/update/urn%3Ali%3Aactivity%3A6776262523332116480
2021-03-12 11:09:28,LIKE,https://www.linkedin.com/feed/update/urn%3Ali%3Aactivity%3A6775498825420341248?commentUrn=urn%3Ali%3Acomment%3A%28activity%3A6775498825420341248%2C6775506017523519488%29
2021-03-11 21:29:17,EMPATHY,https://www.linkedin.com/feed/update/urn%3Ali%3Aactivity%3A6775498825420341248?commentUrn=urn%3Ali%3Acomment%3A%28activity%3A6775498825420341248%2C6775531722365771776%29
2021-03-11 21:29:14,EMPATHY,https://www.linkedin.com/feed/update/urn%3Ali%3Aactivity%3A6775498825420341248?commentUrn=urn%3Ali%3Acomment%3A%28activity%3A6775498825420341248%2C6775504345636098048%29
2021-03-11 21:29:10,EMPATHY,https://www.linkedin.com/feed/update/urn%3Ali%3Aactivity%3A6775498825420341248?commentUrn=urn%3Ali%3Acomment%3A%28activity%3A6775498825420341248%2C6775638532301094912%29
2021-03-11 21:29:08,EMPATHY,https://www.linkedin.com/feed/update/urn%3Ali%3Aactivity%3A6775498825420341248?commentUrn=urn%3Ali%3Acomment%3A%28activity%3A6775498825420341248%2C6775502180087599104%29
2021-03-11 21:29:03,EMPATHY,https://www.linkedin.com/feed/update/urn%3Ali%3Aactivity%3A6775498825420341248?commentUrn=urn%3Ali%3Acomment%3A%28activity%3A6775498825420341248%2C6775531964897218560%29
2021-03-11 21:29:02,EMPATHY,https://www.linkedin.com/feed/update/urn%3Ali%3Aactivity%3A6775498825420341248?commentUrn=urn%3Ali%3Acomment%3A%28activity%3A6775498825420341248%2C6775535020238004224%29
2021-03-11 21:28:58,EMPATHY,https://www.linkedin.com/feed/update/urn%3Ali%3Aactivity%3A6775498825420341248?commentUrn=urn%3Ali%3Acomment%3A%28activity%3A6775498825420341248%2C6775534879531696128%29
2021-03-11 21:28:54,EMPATHY,https://www.linkedin.com/feed/update/urn%3Ali%3Aactivity%3A6775498825420341248?commentUrn=urn%3Ali%3Acomment%3A%28activity%3A6775498825420341248%2C6775499133483536384%29
2021-03-11 21:28:51,EMPATHY,https://www.linkedin.com/feed/update/urn%3Ali%3Aactivity%3A6775498825420341248?commentUrn=urn%3Ali%3Acomment%3A%28activity%3A6775498825420341248%2C6775529956064804864%29
2021-03-11 21:28:49,EMPATHY,https://www.linkedin.com/feed/update/urn%3Ali%3Aactivity%3A6775498825420341248?commentUrn=urn%3Ali%3Acomment%3A%28activity%3A6775498825420341248%2C6775501707053944833%29
2021-03-06 21:23:51,APPRECIATION,https://www.linkedin.com/feed/update/urn%3Ali%3Aactivity%3A6774061314135339008
2021-03-05 17:12:41,LIKE,https://www.linkedin.com/feed/update/urn%3Ali%3AugcPost%3A6773645859558051840
2021-02-28 14:05:24,LIKE,https://www.linkedin.com/feed/update/urn%3Ali%3Aactivity%3A6771039554532077568
2021-02-27 00:24:00,LIKE,https://www.linkedin.com/feed/update/urn%3Ali%3Aactivity%3A6768811728370196480
2021-02-26 09:24:21,LIKE,https://www.linkedin.com/feed/update/urn%3Ali%3AugcPost%3A6770361975034707968
2020-10-10 16:52:19,LIKE,https://www.linkedin.com/feed/update/urn%3Ali%3Aactivity%3A6720624585563267072?commentUrn=urn%3Ali%3Acomment%3A%28activity%3A6720624585563267072%2C6720638618836246528%29
2020-10-10 16:52:16,LIKE,https://www.linkedin.com/feed/update/urn%3Ali%3Aactivity%3A6720624585563267072?commentUrn=urn%3Ali%3Acomment%3A%28activity%3A6720624585563267072%2C6720626614109011968%29
2020-10-10 16:52:13,LIKE,https://www.linkedin.com/feed/update/urn%3Ali%3Aactivity%3A6720624585563267072?commentUrn=urn%3Ali%3Acomment%3A%28activity%3A6720624585563267072%2C6720625571170152448%29
2020-10-10 16:52:11,LIKE,https://www.linkedin.com/feed/update/urn%3Ali%3Aactivity%3A6720624585563267072?commentUrn=urn%3Ali%3Acomment%3A%28activity%3A6720624585563267072%2C6720638622422327296%29
2019-12-07 12:47:19,LIKE,https://www.linkedin.com/feed/update/urn%3Ali%3Aactivity%3A6608724553449508864
2019-09-24 05:38:17,LIKE,https://www.linkedin.com/feed/update/urn%3Ali%3Aactivity%3A6580843963010420736
2019-09-03 19:45:57,LIKE,https://www.linkedin.com/feed/update/urn%3Ali%3Aactivity%3A6571908215729111053
2019-09-03 19:42:28,LIKE,https://www.linkedin.com/feed/update/urn%3Ali%3Aactivity%3A6572605099145732096?commentUrn=urn%3Ali%3Acomment%3A%28activity%3A6572605099145732096%2C6574659561360244736%29
2019-08-29 17:11:39,LIKE,https://www.linkedin.com/feed/update/urn%3Ali%3Aactivity%3A6572605099145732096?commentUrn=urn%3Ali%3Acomment%3A%28activity%3A6572605099145732096%2C6572735807306768384%29
2019-08-29 05:41:50,LIKE,https://www.linkedin.com/feed/update/urn%3Ali%3Aactivity%3A6572605099145732096?commentUrn=urn%3Ali%3Acomment%3A%28activity%3A6572605099145732096%2C6572631114639253504%29
2018-12-08 18:29:58,LIKE,https://www.linkedin.com/feed/update/urn%3Ali%3Aactivity%3A6476943266251042816?commentUrn=urn%3Ali%3Acomment%3A%28activity%3A6476943266251042816%2C6476960194084503552%29
2017-08-14 23:46:01,LIKE,https://www.linkedin.com/feed/update/urn%3Ali%3Aactivity%3A6303008612101038080
2017-07-16 02:17:04,LIKE,https://www.linkedin.com/feed/update/urn%3Ali%3Aactivity%3A6290372254282846208
2017-07-16 02:17:03,LIKE,https://www.linkedin.com/feed/update/urn%3Ali%3Aactivity%3A6290745968992227328
2017-05-17 19:35:25,LIKE,https://www.linkedin.com/feed/update/urn%3Ali%3Aactivity%3A6270339990073409536
